fichier,format,prompt
lyophiliser-huitre-avant-apres.webp,1200x630 (ar 1.91:1),"Split side-by-side composition: on the left the fresh raw oyster, on the right the freeze-dried oyster with its dry, airy, porous texture; clear before/after comparison. professional product photography, freeze-drying (lyophilization) theme, soft diffused natural light, clean pale frost-white and icy-teal background, shallow depth of field, crisp high detail, minimalist, no text, no watermark, no logo"
lyophiliser-huitre-macro.webp,800x600 (ar 4:3),"Extreme macro close-up of freeze-dried oyster, revealing the porous sublimated dry structure and preserved natural colour. professional product photography, freeze-drying (lyophilization) theme, soft diffused natural light, clean pale frost-white and icy-teal background, shallow depth of field, crisp high detail, minimalist, no text, no watermark, no logo"
lyophiliser-huitre-plateau.webp,800x600 (ar 4:3),"Freeze-dried oyster neatly spread on a stainless-steel lyophilizer drying tray inside a clean food laboratory. professional product photography, freeze-drying (lyophilization) theme, soft diffused natural light, clean pale frost-white and icy-teal background, shallow depth of field, crisp high detail, minimalist, no text, no watermark, no logo"
lyophiliser-huitre-rehydratation.webp,800x600 (ar 4:3),"Freeze-dried oyster rehydrating in clear water, regaining shape, water droplets, dynamic close-up. professional product photography, freeze-drying (lyophilization) theme, soft diffused natural light, clean pale frost-white and icy-teal background, shallow depth of field, crisp high detail, minimalist, no text, no watermark, no logo"
lyophiliser-moule-avant-apres.webp,1200x630 (ar 1.91:1),"Split side-by-side composition: on the left the fresh raw mussel, on the right the freeze-dried mussel with its dry, airy, porous texture; clear before/after comparison. professional product photography, freeze-drying (lyophilization) theme, soft diffused natural light, clean pale frost-white and icy-teal background, shallow depth of field, crisp high detail, minimalist, no text, no watermark, no logo"
lyophiliser-moule-macro.webp,800x600 (ar 4:3),"Extreme macro close-up of freeze-dried mussel, revealing the porous sublimated dry structure and preserved natural colour. professional product photography, freeze-drying (lyophilization) theme, soft diffused natural light, clean pale frost-white and icy-teal background, shallow depth of field, crisp high detail, minimalist, no text, no watermark, no logo"
lyophiliser-moule-plateau.webp,800x600 (ar 4:3),"Freeze-dried mussel neatly spread on a stainless-steel lyophilizer drying tray inside a clean food laboratory. professional product photography, freeze-drying (lyophilization) theme, soft diffused natural light, clean pale frost-white and icy-teal background, shallow depth of field, crisp high detail, minimalist, no text, no watermark, no logo"
lyophiliser-moule-rehydratation.webp,800x600 (ar 4:3),"Freeze-dried mussel rehydrating in clear water, regaining shape, water droplets, dynamic close-up. professional product photography, freeze-drying (lyophilization) theme, soft diffused natural light, clean pale frost-white and icy-teal background, shallow depth of field, crisp high detail, minimalist, no text, no watermark, no logo"
lyophiliser-oursin-avant-apres.webp,1200x630 (ar 1.91:1),"Split side-by-side composition: on the left the fresh raw sea urchin, on the right the freeze-dried sea urchin with its dry, airy, porous texture; clear before/after comparison. professional product photography, freeze-drying (lyophilization) theme, soft diffused natural light, clean pale frost-white and icy-teal background, shallow depth of field, crisp high detail, minimalist, no text, no watermark, no logo"
lyophiliser-oursin-macro.webp,800x600 (ar 4:3),"Extreme macro close-up of freeze-dried sea urchin, revealing the porous sublimated dry structure and preserved natural colour. professional product photography, freeze-drying (lyophilization) theme, soft diffused natural light, clean pale frost-white and icy-teal background, shallow depth of field, crisp high detail, minimalist, no text, no watermark, no logo"
lyophiliser-oursin-plateau.webp,800x600 (ar 4:3),"Freeze-dried sea urchin neatly spread on a stainless-steel lyophilizer drying tray inside a clean food laboratory. professional product photography, freeze-drying (lyophilization) theme, soft diffused natural light, clean pale frost-white and icy-teal background, shallow depth of field, crisp high detail, minimalist, no text, no watermark, no logo"
lyophiliser-oursin-rehydratation.webp,800x600 (ar 4:3),"Freeze-dried sea urchin rehydrating in clear water, regaining shape, water droplets, dynamic close-up. professional product photography, freeze-drying (lyophilization) theme, soft diffused natural light, clean pale frost-white and icy-teal background, shallow depth of field, crisp high detail, minimalist, no text, no watermark, no logo"
lyophiliser-crevette-avant-apres.webp,1200x630 (ar 1.91:1),"Split side-by-side composition: on the left the fresh raw prawn, on the right the freeze-dried prawn with its dry, airy, porous texture; clear before/after comparison. professional product photography, freeze-drying (lyophilization) theme, soft diffused natural light, clean pale frost-white and icy-teal background, shallow depth of field, crisp high detail, minimalist, no text, no watermark, no logo"
lyophiliser-crevette-macro.webp,800x600 (ar 4:3),"Extreme macro close-up of freeze-dried prawn, revealing the porous sublimated dry structure and preserved natural colour. professional product photography, freeze-drying (lyophilization) theme, soft diffused natural light, clean pale frost-white and icy-teal background, shallow depth of field, crisp high detail, minimalist, no text, no watermark, no logo"
lyophiliser-crevette-plateau.webp,800x600 (ar 4:3),"Freeze-dried prawn neatly spread on a stainless-steel lyophilizer drying tray inside a clean food laboratory. professional product photography, freeze-drying (lyophilization) theme, soft diffused natural light, clean pale frost-white and icy-teal background, shallow depth of field, crisp high detail, minimalist, no text, no watermark, no logo"
lyophiliser-crevette-rehydratation.webp,800x600 (ar 4:3),"Freeze-dried prawn rehydrating in clear water, regaining shape, water droplets, dynamic close-up. professional product photography, freeze-drying (lyophilization) theme, soft diffused natural light, clean pale frost-white and icy-teal background, shallow depth of field, crisp high detail, minimalist, no text, no watermark, no logo"
lyophiliser-saint-jacques-avant-apres.webp,1200x630 (ar 1.91:1),"Split side-by-side composition: on the left the fresh raw scallop, on the right the freeze-dried scallop with its dry, airy, porous texture; clear before/after comparison. professional product photography, freeze-drying (lyophilization) theme, soft diffused natural light, clean pale frost-white and icy-teal background, shallow depth of field, crisp high detail, minimalist, no text, no watermark, no logo"
lyophiliser-saint-jacques-macro.webp,800x600 (ar 4:3),"Extreme macro close-up of freeze-dried scallop, revealing the porous sublimated dry structure and preserved natural colour. professional product photography, freeze-drying (lyophilization) theme, soft diffused natural light, clean pale frost-white and icy-teal background, shallow depth of field, crisp high detail, minimalist, no text, no watermark, no logo"
lyophiliser-saint-jacques-plateau.webp,800x600 (ar 4:3),"Freeze-dried scallop neatly spread on a stainless-steel lyophilizer drying tray inside a clean food laboratory. professional product photography, freeze-drying (lyophilization) theme, soft diffused natural light, clean pale frost-white and icy-teal background, shallow depth of field, crisp high detail, minimalist, no text, no watermark, no logo"
lyophiliser-saint-jacques-rehydratation.webp,800x600 (ar 4:3),"Freeze-dried scallop rehydrating in clear water, regaining shape, water droplets, dynamic close-up. professional product photography, freeze-drying (lyophilization) theme, soft diffused natural light, clean pale frost-white and icy-teal background, shallow depth of field, crisp high detail, minimalist, no text, no watermark, no logo"
lyophiliser-wakame-avant-apres.webp,1200x630 (ar 1.91:1),"Split side-by-side composition: on the left the fresh raw wakame seaweed, on the right the freeze-dried wakame seaweed with its dry, airy, porous texture; clear before/after comparison. professional product photography, freeze-drying (lyophilization) theme, soft diffused natural light, clean pale frost-white and icy-teal background, shallow depth of field, crisp high detail, minimalist, no text, no watermark, no logo"
lyophiliser-wakame-macro.webp,800x600 (ar 4:3),"Extreme macro close-up of freeze-dried wakame seaweed, revealing the porous sublimated dry structure and preserved natural colour. professional product photography, freeze-drying (lyophilization) theme, soft diffused natural light, clean pale frost-white and icy-teal background, shallow depth of field, crisp high detail, minimalist, no text, no watermark, no logo"
lyophiliser-wakame-plateau.webp,800x600 (ar 4:3),"Freeze-dried wakame seaweed neatly spread on a stainless-steel lyophilizer drying tray inside a clean food laboratory. professional product photography, freeze-drying (lyophilization) theme, soft diffused natural light, clean pale frost-white and icy-teal background, shallow depth of field, crisp high detail, minimalist, no text, no watermark, no logo"
lyophiliser-wakame-rehydratation.webp,800x600 (ar 4:3),"Freeze-dried wakame seaweed rehydrating in clear water, regaining shape, water droplets, dynamic close-up. professional product photography, freeze-drying (lyophilization) theme, soft diffused natural light, clean pale frost-white and icy-teal background, shallow depth of field, crisp high detail, minimalist, no text, no watermark, no logo"
lyophiliser-spiruline-avant-apres.webp,1200x630 (ar 1.91:1),"Split side-by-side composition: on the left the fresh raw spirulina, on the right the freeze-dried spirulina with its dry, airy, porous texture; clear before/after comparison. professional product photography, freeze-drying (lyophilization) theme, soft diffused natural light, clean pale frost-white and icy-teal background, shallow depth of field, crisp high detail, minimalist, no text, no watermark, no logo"
lyophiliser-spiruline-macro.webp,800x600 (ar 4:3),"Extreme macro close-up of freeze-dried spirulina, revealing the porous sublimated dry structure and preserved natural colour. professional product photography, freeze-drying (lyophilization) theme, soft diffused natural light, clean pale frost-white and icy-teal background, shallow depth of field, crisp high detail, minimalist, no text, no watermark, no logo"
lyophiliser-spiruline-plateau.webp,800x600 (ar 4:3),"Freeze-dried spirulina neatly spread on a stainless-steel lyophilizer drying tray inside a clean food laboratory. professional product photography, freeze-drying (lyophilization) theme, soft diffused natural light, clean pale frost-white and icy-teal background, shallow depth of field, crisp high detail, minimalist, no text, no watermark, no logo"
lyophiliser-spiruline-rehydratation.webp,800x600 (ar 4:3),"Freeze-dried spirulina rehydrating in clear water, regaining shape, water droplets, dynamic close-up. professional product photography, freeze-drying (lyophilization) theme, soft diffused natural light, clean pale frost-white and icy-teal background, shallow depth of field, crisp high detail, minimalist, no text, no watermark, no logo"
lyophiliser-chlorella-avant-apres.webp,1200x630 (ar 1.91:1),"Split side-by-side composition: on the left the fresh raw chlorella algae, on the right the freeze-dried chlorella algae with its dry, airy, porous texture; clear before/after comparison. professional product photography, freeze-drying (lyophilization) theme, soft diffused natural light, clean pale frost-white and icy-teal background, shallow depth of field, crisp high detail, minimalist, no text, no watermark, no logo"
lyophiliser-chlorella-macro.webp,800x600 (ar 4:3),"Extreme macro close-up of freeze-dried chlorella algae, revealing the porous sublimated dry structure and preserved natural colour. professional product photography, freeze-drying (lyophilization) theme, soft diffused natural light, clean pale frost-white and icy-teal background, shallow depth of field, crisp high detail, minimalist, no text, no watermark, no logo"
lyophiliser-chlorella-plateau.webp,800x600 (ar 4:3),"Freeze-dried chlorella algae neatly spread on a stainless-steel lyophilizer drying tray inside a clean food laboratory. professional product photography, freeze-drying (lyophilization) theme, soft diffused natural light, clean pale frost-white and icy-teal background, shallow depth of field, crisp high detail, minimalist, no text, no watermark, no logo"
lyophiliser-chlorella-rehydratation.webp,800x600 (ar 4:3),"Freeze-dried chlorella algae rehydrating in clear water, regaining shape, water droplets, dynamic close-up. professional product photography, freeze-drying (lyophilization) theme, soft diffused natural light, clean pale frost-white and icy-teal background, shallow depth of field, crisp high detail, minimalist, no text, no watermark, no logo"
lyophiliser-encornet-avant-apres.webp,1200x630 (ar 1.91:1),"Split side-by-side composition: on the left the fresh raw squid, on the right the freeze-dried squid with its dry, airy, porous texture; clear before/after comparison. professional product photography, freeze-drying (lyophilization) theme, soft diffused natural light, clean pale frost-white and icy-teal background, shallow depth of field, crisp high detail, minimalist, no text, no watermark, no logo"
lyophiliser-encornet-macro.webp,800x600 (ar 4:3),"Extreme macro close-up of freeze-dried squid, revealing the porous sublimated dry structure and preserved natural colour. professional product photography, freeze-drying (lyophilization) theme, soft diffused natural light, clean pale frost-white and icy-teal background, shallow depth of field, crisp high detail, minimalist, no text, no watermark, no logo"
lyophiliser-encornet-plateau.webp,800x600 (ar 4:3),"Freeze-dried squid neatly spread on a stainless-steel lyophilizer drying tray inside a clean food laboratory. professional product photography, freeze-drying (lyophilization) theme, soft diffused natural light, clean pale frost-white and icy-teal background, shallow depth of field, crisp high detail, minimalist, no text, no watermark, no logo"
lyophiliser-encornet-rehydratation.webp,800x600 (ar 4:3),"Freeze-dried squid rehydrating in clear water, regaining shape, water droplets, dynamic close-up. professional product photography, freeze-drying (lyophilization) theme, soft diffused natural light, clean pale frost-white and icy-teal background, shallow depth of field, crisp high detail, minimalist, no text, no watermark, no logo"
lyophiliser-coproduits-poisson-avant-apres.webp,1200x630 (ar 1.91:1),"Split side-by-side composition: on the left the fresh raw fish trimmings, on the right the freeze-dried fish trimmings with its dry, airy, porous texture; clear before/after comparison. professional product photography, freeze-drying (lyophilization) theme, soft diffused natural light, clean pale frost-white and icy-teal background, shallow depth of field, crisp high detail, minimalist, no text, no watermark, no logo"
lyophiliser-coproduits-poisson-macro.webp,800x600 (ar 4:3),"Extreme macro close-up of freeze-dried fish trimmings, revealing the porous sublimated dry structure and preserved natural colour. professional product photography, freeze-drying (lyophilization) theme, soft diffused natural light, clean pale frost-white and icy-teal background, shallow depth of field, crisp high detail, minimalist, no text, no watermark, no logo"
lyophiliser-coproduits-poisson-plateau.webp,800x600 (ar 4:3),"Freeze-dried fish trimmings neatly spread on a stainless-steel lyophilizer drying tray inside a clean food laboratory. professional product photography, freeze-drying (lyophilization) theme, soft diffused natural light, clean pale frost-white and icy-teal background, shallow depth of field, crisp high detail, minimalist, no text, no watermark, no logo"
lyophiliser-coproduits-poisson-rehydratation.webp,800x600 (ar 4:3),"Freeze-dried fish trimmings rehydrating in clear water, regaining shape, water droplets, dynamic close-up. professional product photography, freeze-drying (lyophilization) theme, soft diffused natural light, clean pale frost-white and icy-teal background, shallow depth of field, crisp high detail, minimalist, no text, no watermark, no logo"
lyophiliser-fraise-avant-apres.webp,1200x630 (ar 1.91:1),"Split side-by-side composition: on the left the fresh raw strawberry, on the right the freeze-dried strawberry with its dry, airy, porous texture; clear before/after comparison. professional product photography, freeze-drying (lyophilization) theme, soft diffused natural light, clean pale frost-white and icy-teal background, shallow depth of field, crisp high detail, minimalist, no text, no watermark, no logo"
lyophiliser-fraise-macro.webp,800x600 (ar 4:3),"Extreme macro close-up of freeze-dried strawberry, revealing the porous sublimated dry structure and preserved natural colour. professional product photography, freeze-drying (lyophilization) theme, soft diffused natural light, clean pale frost-white and icy-teal background, shallow depth of field, crisp high detail, minimalist, no text, no watermark, no logo"
lyophiliser-fraise-plateau.webp,800x600 (ar 4:3),"Freeze-dried strawberry neatly spread on a stainless-steel lyophilizer drying tray inside a clean food laboratory. professional product photography, freeze-drying (lyophilization) theme, soft diffused natural light, clean pale frost-white and icy-teal background, shallow depth of field, crisp high detail, minimalist, no text, no watermark, no logo"
lyophiliser-fraise-rehydratation.webp,800x600 (ar 4:3),"Freeze-dried strawberry rehydrating in clear water, regaining shape, water droplets, dynamic close-up. professional product photography, freeze-drying (lyophilization) theme, soft diffused natural light, clean pale frost-white and icy-teal background, shallow depth of field, crisp high detail, minimalist, no text, no watermark, no logo"
lyophiliser-framboise-avant-apres.webp,1200x630 (ar 1.91:1),"Split side-by-side composition: on the left the fresh raw raspberry, on the right the freeze-dried raspberry with its dry, airy, porous texture; clear before/after comparison. professional product photography, freeze-drying (lyophilization) theme, soft diffused natural light, clean pale frost-white and icy-teal background, shallow depth of field, crisp high detail, minimalist, no text, no watermark, no logo"
lyophiliser-framboise-macro.webp,800x600 (ar 4:3),"Extreme macro close-up of freeze-dried raspberry, revealing the porous sublimated dry structure and preserved natural colour. professional product photography, freeze-drying (lyophilization) theme, soft diffused natural light, clean pale frost-white and icy-teal background, shallow depth of field, crisp high detail, minimalist, no text, no watermark, no logo"
lyophiliser-framboise-plateau.webp,800x600 (ar 4:3),"Freeze-dried raspberry neatly spread on a stainless-steel lyophilizer drying tray inside a clean food laboratory. professional product photography, freeze-drying (lyophilization) theme, soft diffused natural light, clean pale frost-white and icy-teal background, shallow depth of field, crisp high detail, minimalist, no text, no watermark, no logo"
lyophiliser-framboise-rehydratation.webp,800x600 (ar 4:3),"Freeze-dried raspberry rehydrating in clear water, regaining shape, water droplets, dynamic close-up. professional product photography, freeze-drying (lyophilization) theme, soft diffused natural light, clean pale frost-white and icy-teal background, shallow depth of field, crisp high detail, minimalist, no text, no watermark, no logo"
lyophiliser-myrtille-avant-apres.webp,1200x630 (ar 1.91:1),"Split side-by-side composition: on the left the fresh raw blueberry, on the right the freeze-dried blueberry with its dry, airy, porous texture; clear before/after comparison. professional product photography, freeze-drying (lyophilization) theme, soft diffused natural light, clean pale frost-white and icy-teal background, shallow depth of field, crisp high detail, minimalist, no text, no watermark, no logo"
lyophiliser-myrtille-macro.webp,800x600 (ar 4:3),"Extreme macro close-up of freeze-dried blueberry, revealing the porous sublimated dry structure and preserved natural colour. professional product photography, freeze-drying (lyophilization) theme, soft diffused natural light, clean pale frost-white and icy-teal background, shallow depth of field, crisp high detail, minimalist, no text, no watermark, no logo"
lyophiliser-myrtille-plateau.webp,800x600 (ar 4:3),"Freeze-dried blueberry neatly spread on a stainless-steel lyophilizer drying tray inside a clean food laboratory. professional product photography, freeze-drying (lyophilization) theme, soft diffused natural light, clean pale frost-white and icy-teal background, shallow depth of field, crisp high detail, minimalist, no text, no watermark, no logo"
lyophiliser-myrtille-rehydratation.webp,800x600 (ar 4:3),"Freeze-dried blueberry rehydrating in clear water, regaining shape, water droplets, dynamic close-up. professional product photography, freeze-drying (lyophilization) theme, soft diffused natural light, clean pale frost-white and icy-teal background, shallow depth of field, crisp high detail, minimalist, no text, no watermark, no logo"
lyophiliser-banane-avant-apres.webp,1200x630 (ar 1.91:1),"Split side-by-side composition: on the left the fresh raw banana, on the right the freeze-dried banana with its dry, airy, porous texture; clear before/after comparison. professional product photography, freeze-drying (lyophilization) theme, soft diffused natural light, clean pale frost-white and icy-teal background, shallow depth of field, crisp high detail, minimalist, no text, no watermark, no logo"
lyophiliser-banane-macro.webp,800x600 (ar 4:3),"Extreme macro close-up of freeze-dried banana, revealing the porous sublimated dry structure and preserved natural colour. professional product photography, freeze-drying (lyophilization) theme, soft diffused natural light, clean pale frost-white and icy-teal background, shallow depth of field, crisp high detail, minimalist, no text, no watermark, no logo"
lyophiliser-banane-plateau.webp,800x600 (ar 4:3),"Freeze-dried banana neatly spread on a stainless-steel lyophilizer drying tray inside a clean food laboratory. professional product photography, freeze-drying (lyophilization) theme, soft diffused natural light, clean pale frost-white and icy-teal background, shallow depth of field, crisp high detail, minimalist, no text, no watermark, no logo"
lyophiliser-banane-rehydratation.webp,800x600 (ar 4:3),"Freeze-dried banana rehydrating in clear water, regaining shape, water droplets, dynamic close-up. professional product photography, freeze-drying (lyophilization) theme, soft diffused natural light, clean pale frost-white and icy-teal background, shallow depth of field, crisp high detail, minimalist, no text, no watermark, no logo"
lyophiliser-mangue-avant-apres.webp,1200x630 (ar 1.91:1),"Split side-by-side composition: on the left the fresh raw mango, on the right the freeze-dried mango with its dry, airy, porous texture; clear before/after comparison. professional product photography, freeze-drying (lyophilization) theme, soft diffused natural light, clean pale frost-white and icy-teal background, shallow depth of field, crisp high detail, minimalist, no text, no watermark, no logo"
lyophiliser-mangue-macro.webp,800x600 (ar 4:3),"Extreme macro close-up of freeze-dried mango, revealing the porous sublimated dry structure and preserved natural colour. professional product photography, freeze-drying (lyophilization) theme, soft diffused natural light, clean pale frost-white and icy-teal background, shallow depth of field, crisp high detail, minimalist, no text, no watermark, no logo"
lyophiliser-mangue-plateau.webp,800x600 (ar 4:3),"Freeze-dried mango neatly spread on a stainless-steel lyophilizer drying tray inside a clean food laboratory. professional product photography, freeze-drying (lyophilization) theme, soft diffused natural light, clean pale frost-white and icy-teal background, shallow depth of field, crisp high detail, minimalist, no text, no watermark, no logo"
lyophiliser-mangue-rehydratation.webp,800x600 (ar 4:3),"Freeze-dried mango rehydrating in clear water, regaining shape, water droplets, dynamic close-up. professional product photography, freeze-drying (lyophilization) theme, soft diffused natural light, clean pale frost-white and icy-teal background, shallow depth of field, crisp high detail, minimalist, no text, no watermark, no logo"
lyophiliser-pomme-avant-apres.webp,1200x630 (ar 1.91:1),"Split side-by-side composition: on the left the fresh raw apple, on the right the freeze-dried apple with its dry, airy, porous texture; clear before/after comparison. professional product photography, freeze-drying (lyophilization) theme, soft diffused natural light, clean pale frost-white and icy-teal background, shallow depth of field, crisp high detail, minimalist, no text, no watermark, no logo"
lyophiliser-pomme-macro.webp,800x600 (ar 4:3),"Extreme macro close-up of freeze-dried apple, revealing the porous sublimated dry structure and preserved natural colour. professional product photography, freeze-drying (lyophilization) theme, soft diffused natural light, clean pale frost-white and icy-teal background, shallow depth of field, crisp high detail, minimalist, no text, no watermark, no logo"
lyophiliser-pomme-plateau.webp,800x600 (ar 4:3),"Freeze-dried apple neatly spread on a stainless-steel lyophilizer drying tray inside a clean food laboratory. professional product photography, freeze-drying (lyophilization) theme, soft diffused natural light, clean pale frost-white and icy-teal background, shallow depth of field, crisp high detail, minimalist, no text, no watermark, no logo"
lyophiliser-pomme-rehydratation.webp,800x600 (ar 4:3),"Freeze-dried apple rehydrating in clear water, regaining shape, water droplets, dynamic close-up. professional product photography, freeze-drying (lyophilization) theme, soft diffused natural light, clean pale frost-white and icy-teal background, shallow depth of field, crisp high detail, minimalist, no text, no watermark, no logo"
lyophiliser-tomate-avant-apres.webp,1200x630 (ar 1.91:1),"Split side-by-side composition: on the left the fresh raw tomato, on the right the freeze-dried tomato with its dry, airy, porous texture; clear before/after comparison. professional product photography, freeze-drying (lyophilization) theme, soft diffused natural light, clean pale frost-white and icy-teal background, shallow depth of field, crisp high detail, minimalist, no text, no watermark, no logo"
lyophiliser-tomate-macro.webp,800x600 (ar 4:3),"Extreme macro close-up of freeze-dried tomato, revealing the porous sublimated dry structure and preserved natural colour. professional product photography, freeze-drying (lyophilization) theme, soft diffused natural light, clean pale frost-white and icy-teal background, shallow depth of field, crisp high detail, minimalist, no text, no watermark, no logo"
lyophiliser-tomate-plateau.webp,800x600 (ar 4:3),"Freeze-dried tomato neatly spread on a stainless-steel lyophilizer drying tray inside a clean food laboratory. professional product photography, freeze-drying (lyophilization) theme, soft diffused natural light, clean pale frost-white and icy-teal background, shallow depth of field, crisp high detail, minimalist, no text, no watermark, no logo"
lyophiliser-tomate-rehydratation.webp,800x600 (ar 4:3),"Freeze-dried tomato rehydrating in clear water, regaining shape, water droplets, dynamic close-up. professional product photography, freeze-drying (lyophilization) theme, soft diffused natural light, clean pale frost-white and icy-teal background, shallow depth of field, crisp high detail, minimalist, no text, no watermark, no logo"
lyophiliser-betterave-avant-apres.webp,1200x630 (ar 1.91:1),"Split side-by-side composition: on the left the fresh raw beetroot, on the right the freeze-dried beetroot with its dry, airy, porous texture; clear before/after comparison. professional product photography, freeze-drying (lyophilization) theme, soft diffused natural light, clean pale frost-white and icy-teal background, shallow depth of field, crisp high detail, minimalist, no text, no watermark, no logo"
lyophiliser-betterave-macro.webp,800x600 (ar 4:3),"Extreme macro close-up of freeze-dried beetroot, revealing the porous sublimated dry structure and preserved natural colour. professional product photography, freeze-drying (lyophilization) theme, soft diffused natural light, clean pale frost-white and icy-teal background, shallow depth of field, crisp high detail, minimalist, no text, no watermark, no logo"
lyophiliser-betterave-plateau.webp,800x600 (ar 4:3),"Freeze-dried beetroot neatly spread on a stainless-steel lyophilizer drying tray inside a clean food laboratory. professional product photography, freeze-drying (lyophilization) theme, soft diffused natural light, clean pale frost-white and icy-teal background, shallow depth of field, crisp high detail, minimalist, no text, no watermark, no logo"
lyophiliser-betterave-rehydratation.webp,800x600 (ar 4:3),"Freeze-dried beetroot rehydrating in clear water, regaining shape, water droplets, dynamic close-up. professional product photography, freeze-drying (lyophilization) theme, soft diffused natural light, clean pale frost-white and icy-teal background, shallow depth of field, crisp high detail, minimalist, no text, no watermark, no logo"
lyophiliser-epinard-avant-apres.webp,1200x630 (ar 1.91:1),"Split side-by-side composition: on the left the fresh raw spinach, on the right the freeze-dried spinach with its dry, airy, porous texture; clear before/after comparison. professional product photography, freeze-drying (lyophilization) theme, soft diffused natural light, clean pale frost-white and icy-teal background, shallow depth of field, crisp high detail, minimalist, no text, no watermark, no logo"
lyophiliser-epinard-macro.webp,800x600 (ar 4:3),"Extreme macro close-up of freeze-dried spinach, revealing the porous sublimated dry structure and preserved natural colour. professional product photography, freeze-drying (lyophilization) theme, soft diffused natural light, clean pale frost-white and icy-teal background, shallow depth of field, crisp high detail, minimalist, no text, no watermark, no logo"
lyophiliser-epinard-plateau.webp,800x600 (ar 4:3),"Freeze-dried spinach neatly spread on a stainless-steel lyophilizer drying tray inside a clean food laboratory. professional product photography, freeze-drying (lyophilization) theme, soft diffused natural light, clean pale frost-white and icy-teal background, shallow depth of field, crisp high detail, minimalist, no text, no watermark, no logo"
lyophiliser-epinard-rehydratation.webp,800x600 (ar 4:3),"Freeze-dried spinach rehydrating in clear water, regaining shape, water droplets, dynamic close-up. professional product photography, freeze-drying (lyophilization) theme, soft diffused natural light, clean pale frost-white and icy-teal background, shallow depth of field, crisp high detail, minimalist, no text, no watermark, no logo"
lyophiliser-champignon-paris-avant-apres.webp,1200x630 (ar 1.91:1),"Split side-by-side composition: on the left the fresh raw button mushroom, on the right the freeze-dried button mushroom with its dry, airy, porous texture; clear before/after comparison. professional product photography, freeze-drying (lyophilization) theme, soft diffused natural light, clean pale frost-white and icy-teal background, shallow depth of field, crisp high detail, minimalist, no text, no watermark, no logo"
lyophiliser-champignon-paris-macro.webp,800x600 (ar 4:3),"Extreme macro close-up of freeze-dried button mushroom, revealing the porous sublimated dry structure and preserved natural colour. professional product photography, freeze-drying (lyophilization) theme, soft diffused natural light, clean pale frost-white and icy-teal background, shallow depth of field, crisp high detail, minimalist, no text, no watermark, no logo"
lyophiliser-champignon-paris-plateau.webp,800x600 (ar 4:3),"Freeze-dried button mushroom neatly spread on a stainless-steel lyophilizer drying tray inside a clean food laboratory. professional product photography, freeze-drying (lyophilization) theme, soft diffused natural light, clean pale frost-white and icy-teal background, shallow depth of field, crisp high detail, minimalist, no text, no watermark, no logo"
lyophiliser-champignon-paris-rehydratation.webp,800x600 (ar 4:3),"Freeze-dried button mushroom rehydrating in clear water, regaining shape, water droplets, dynamic close-up. professional product photography, freeze-drying (lyophilization) theme, soft diffused natural light, clean pale frost-white and icy-teal background, shallow depth of field, crisp high detail, minimalist, no text, no watermark, no logo"
lyophiliser-cepe-avant-apres.webp,1200x630 (ar 1.91:1),"Split side-by-side composition: on the left the fresh raw porcini mushroom, on the right the freeze-dried porcini mushroom with its dry, airy, porous texture; clear before/after comparison. professional product photography, freeze-drying (lyophilization) theme, soft diffused natural light, clean pale frost-white and icy-teal background, shallow depth of field, crisp high detail, minimalist, no text, no watermark, no logo"
lyophiliser-cepe-macro.webp,800x600 (ar 4:3),"Extreme macro close-up of freeze-dried porcini mushroom, revealing the porous sublimated dry structure and preserved natural colour. professional product photography, freeze-drying (lyophilization) theme, soft diffused natural light, clean pale frost-white and icy-teal background, shallow depth of field, crisp high detail, minimalist, no text, no watermark, no logo"
lyophiliser-cepe-plateau.webp,800x600 (ar 4:3),"Freeze-dried porcini mushroom neatly spread on a stainless-steel lyophilizer drying tray inside a clean food laboratory. professional product photography, freeze-drying (lyophilization) theme, soft diffused natural light, clean pale frost-white and icy-teal background, shallow depth of field, crisp high detail, minimalist, no text, no watermark, no logo"
lyophiliser-cepe-rehydratation.webp,800x600 (ar 4:3),"Freeze-dried porcini mushroom rehydrating in clear water, regaining shape, water droplets, dynamic close-up. professional product photography, freeze-drying (lyophilization) theme, soft diffused natural light, clean pale frost-white and icy-teal background, shallow depth of field, crisp high detail, minimalist, no text, no watermark, no logo"
lyophiliser-truffe-avant-apres.webp,1200x630 (ar 1.91:1),"Split side-by-side composition: on the left the fresh raw black truffle, on the right the freeze-dried black truffle with its dry, airy, porous texture; clear before/after comparison. professional product photography, freeze-drying (lyophilization) theme, soft diffused natural light, clean pale frost-white and icy-teal background, shallow depth of field, crisp high detail, minimalist, no text, no watermark, no logo"
lyophiliser-truffe-macro.webp,800x600 (ar 4:3),"Extreme macro close-up of freeze-dried black truffle, revealing the porous sublimated dry structure and preserved natural colour. professional product photography, freeze-drying (lyophilization) theme, soft diffused natural light, clean pale frost-white and icy-teal background, shallow depth of field, crisp high detail, minimalist, no text, no watermark, no logo"
lyophiliser-truffe-plateau.webp,800x600 (ar 4:3),"Freeze-dried black truffle neatly spread on a stainless-steel lyophilizer drying tray inside a clean food laboratory. professional product photography, freeze-drying (lyophilization) theme, soft diffused natural light, clean pale frost-white and icy-teal background, shallow depth of field, crisp high detail, minimalist, no text, no watermark, no logo"
lyophiliser-truffe-rehydratation.webp,800x600 (ar 4:3),"Freeze-dried black truffle rehydrating in clear water, regaining shape, water droplets, dynamic close-up. professional product photography, freeze-drying (lyophilization) theme, soft diffused natural light, clean pale frost-white and icy-teal background, shallow depth of field, crisp high detail, minimalist, no text, no watermark, no logo"
lyophiliser-foie-volaille-avant-apres.webp,1200x630 (ar 1.91:1),"Split side-by-side composition: on the left the fresh raw poultry liver, on the right the freeze-dried poultry liver with its dry, airy, porous texture; clear before/after comparison. professional product photography, freeze-drying (lyophilization) theme, soft diffused natural light, clean pale frost-white and icy-teal background, shallow depth of field, crisp high detail, minimalist, no text, no watermark, no logo"
lyophiliser-foie-volaille-macro.webp,800x600 (ar 4:3),"Extreme macro close-up of freeze-dried poultry liver, revealing the porous sublimated dry structure and preserved natural colour. professional product photography, freeze-drying (lyophilization) theme, soft diffused natural light, clean pale frost-white and icy-teal background, shallow depth of field, crisp high detail, minimalist, no text, no watermark, no logo"
lyophiliser-foie-volaille-plateau.webp,800x600 (ar 4:3),"Freeze-dried poultry liver neatly spread on a stainless-steel lyophilizer drying tray inside a clean food laboratory. professional product photography, freeze-drying (lyophilization) theme, soft diffused natural light, clean pale frost-white and icy-teal background, shallow depth of field, crisp high detail, minimalist, no text, no watermark, no logo"
lyophiliser-foie-volaille-rehydratation.webp,800x600 (ar 4:3),"Freeze-dried poultry liver rehydrating in clear water, regaining shape, water droplets, dynamic close-up. professional product photography, freeze-drying (lyophilization) theme, soft diffused natural light, clean pale frost-white and icy-teal background, shallow depth of field, crisp high detail, minimalist, no text, no watermark, no logo"
lyophiliser-foie-gras-avant-apres.webp,1200x630 (ar 1.91:1),"Split side-by-side composition: on the left the fresh raw foie gras, on the right the freeze-dried foie gras with its dry, airy, porous texture; clear before/after comparison. professional product photography, freeze-drying (lyophilization) theme, soft diffused natural light, clean pale frost-white and icy-teal background, shallow depth of field, crisp high detail, minimalist, no text, no watermark, no logo"
lyophiliser-foie-gras-macro.webp,800x600 (ar 4:3),"Extreme macro close-up of freeze-dried foie gras, revealing the porous sublimated dry structure and preserved natural colour. professional product photography, freeze-drying (lyophilization) theme, soft diffused natural light, clean pale frost-white and icy-teal background, shallow depth of field, crisp high detail, minimalist, no text, no watermark, no logo"
lyophiliser-foie-gras-plateau.webp,800x600 (ar 4:3),"Freeze-dried foie gras neatly spread on a stainless-steel lyophilizer drying tray inside a clean food laboratory. professional product photography, freeze-drying (lyophilization) theme, soft diffused natural light, clean pale frost-white and icy-teal background, shallow depth of field, crisp high detail, minimalist, no text, no watermark, no logo"
lyophiliser-foie-gras-rehydratation.webp,800x600 (ar 4:3),"Freeze-dried foie gras rehydrating in clear water, regaining shape, water droplets, dynamic close-up. professional product photography, freeze-drying (lyophilization) theme, soft diffused natural light, clean pale frost-white and icy-teal background, shallow depth of field, crisp high detail, minimalist, no text, no watermark, no logo"
lyophiliser-oeuf-avant-apres.webp,1200x630 (ar 1.91:1),"Split side-by-side composition: on the left the fresh raw egg, on the right the freeze-dried egg with its dry, airy, porous texture; clear before/after comparison. professional product photography, freeze-drying (lyophilization) theme, soft diffused natural light, clean pale frost-white and icy-teal background, shallow depth of field, crisp high detail, minimalist, no text, no watermark, no logo"
lyophiliser-oeuf-macro.webp,800x600 (ar 4:3),"Extreme macro close-up of freeze-dried egg, revealing the porous sublimated dry structure and preserved natural colour. professional product photography, freeze-drying (lyophilization) theme, soft diffused natural light, clean pale frost-white and icy-teal background, shallow depth of field, crisp high detail, minimalist, no text, no watermark, no logo"
lyophiliser-oeuf-plateau.webp,800x600 (ar 4:3),"Freeze-dried egg neatly spread on a stainless-steel lyophilizer drying tray inside a clean food laboratory. professional product photography, freeze-drying (lyophilization) theme, soft diffused natural light, clean pale frost-white and icy-teal background, shallow depth of field, crisp high detail, minimalist, no text, no watermark, no logo"
lyophiliser-oeuf-rehydratation.webp,800x600 (ar 4:3),"Freeze-dried egg rehydrating in clear water, regaining shape, water droplets, dynamic close-up. professional product photography, freeze-drying (lyophilization) theme, soft diffused natural light, clean pale frost-white and icy-teal background, shallow depth of field, crisp high detail, minimalist, no text, no watermark, no logo"
lyophiliser-colostrum-avant-apres.webp,1200x630 (ar 1.91:1),"Split side-by-side composition: on the left the fresh raw colostrum, on the right the freeze-dried colostrum with its dry, airy, porous texture; clear before/after comparison. professional product photography, freeze-drying (lyophilization) theme, soft diffused natural light, clean pale frost-white and icy-teal background, shallow depth of field, crisp high detail, minimalist, no text, no watermark, no logo"
lyophiliser-colostrum-macro.webp,800x600 (ar 4:3),"Extreme macro close-up of freeze-dried colostrum, revealing the porous sublimated dry structure and preserved natural colour. professional product photography, freeze-drying (lyophilization) theme, soft diffused natural light, clean pale frost-white and icy-teal background, shallow depth of field, crisp high detail, minimalist, no text, no watermark, no logo"
lyophiliser-colostrum-plateau.webp,800x600 (ar 4:3),"Freeze-dried colostrum neatly spread on a stainless-steel lyophilizer drying tray inside a clean food laboratory. professional product photography, freeze-drying (lyophilization) theme, soft diffused natural light, clean pale frost-white and icy-teal background, shallow depth of field, crisp high detail, minimalist, no text, no watermark, no logo"
lyophiliser-colostrum-rehydratation.webp,800x600 (ar 4:3),"Freeze-dried colostrum rehydrating in clear water, regaining shape, water droplets, dynamic close-up. professional product photography, freeze-drying (lyophilization) theme, soft diffused natural light, clean pale frost-white and icy-teal background, shallow depth of field, crisp high detail, minimalist, no text, no watermark, no logo"
lyophiliser-kefir-avant-apres.webp,1200x630 (ar 1.91:1),"Split side-by-side composition: on the left the fresh raw kefir grains, on the right the freeze-dried kefir grains with its dry, airy, porous texture; clear before/after comparison. professional product photography, freeze-drying (lyophilization) theme, soft diffused natural light, clean pale frost-white and icy-teal background, shallow depth of field, crisp high detail, minimalist, no text, no watermark, no logo"
lyophiliser-kefir-macro.webp,800x600 (ar 4:3),"Extreme macro close-up of freeze-dried kefir grains, revealing the porous sublimated dry structure and preserved natural colour. professional product photography, freeze-drying (lyophilization) theme, soft diffused natural light, clean pale frost-white and icy-teal background, shallow depth of field, crisp high detail, minimalist, no text, no watermark, no logo"
lyophiliser-kefir-plateau.webp,800x600 (ar 4:3),"Freeze-dried kefir grains neatly spread on a stainless-steel lyophilizer drying tray inside a clean food laboratory. professional product photography, freeze-drying (lyophilization) theme, soft diffused natural light, clean pale frost-white and icy-teal background, shallow depth of field, crisp high detail, minimalist, no text, no watermark, no logo"
lyophiliser-kefir-rehydratation.webp,800x600 (ar 4:3),"Freeze-dried kefir grains rehydrating in clear water, regaining shape, water droplets, dynamic close-up. professional product photography, freeze-drying (lyophilization) theme, soft diffused natural light, clean pale frost-white and icy-teal background, shallow depth of field, crisp high detail, minimalist, no text, no watermark, no logo"
lyophiliser-fromage-avant-apres.webp,1200x630 (ar 1.91:1),"Split side-by-side composition: on the left the fresh raw cheese, on the right the freeze-dried cheese with its dry, airy, porous texture; clear before/after comparison. professional product photography, freeze-drying (lyophilization) theme, soft diffused natural light, clean pale frost-white and icy-teal background, shallow depth of field, crisp high detail, minimalist, no text, no watermark, no logo"
lyophiliser-fromage-macro.webp,800x600 (ar 4:3),"Extreme macro close-up of freeze-dried cheese, revealing the porous sublimated dry structure and preserved natural colour. professional product photography, freeze-drying (lyophilization) theme, soft diffused natural light, clean pale frost-white and icy-teal background, shallow depth of field, crisp high detail, minimalist, no text, no watermark, no logo"
lyophiliser-fromage-plateau.webp,800x600 (ar 4:3),"Freeze-dried cheese neatly spread on a stainless-steel lyophilizer drying tray inside a clean food laboratory. professional product photography, freeze-drying (lyophilization) theme, soft diffused natural light, clean pale frost-white and icy-teal background, shallow depth of field, crisp high detail, minimalist, no text, no watermark, no logo"
lyophiliser-fromage-rehydratation.webp,800x600 (ar 4:3),"Freeze-dried cheese rehydrating in clear water, regaining shape, water droplets, dynamic close-up. professional product photography, freeze-drying (lyophilization) theme, soft diffused natural light, clean pale frost-white and icy-teal background, shallow depth of field, crisp high detail, minimalist, no text, no watermark, no logo"
lyophiliser-yaourt-avant-apres.webp,1200x630 (ar 1.91:1),"Split side-by-side composition: on the left the fresh raw yogurt, on the right the freeze-dried yogurt with its dry, airy, porous texture; clear before/after comparison. professional product photography, freeze-drying (lyophilization) theme, soft diffused natural light, clean pale frost-white and icy-teal background, shallow depth of field, crisp high detail, minimalist, no text, no watermark, no logo"
lyophiliser-yaourt-macro.webp,800x600 (ar 4:3),"Extreme macro close-up of freeze-dried yogurt, revealing the porous sublimated dry structure and preserved natural colour. professional product photography, freeze-drying (lyophilization) theme, soft diffused natural light, clean pale frost-white and icy-teal background, shallow depth of field, crisp high detail, minimalist, no text, no watermark, no logo"
lyophiliser-yaourt-plateau.webp,800x600 (ar 4:3),"Freeze-dried yogurt neatly spread on a stainless-steel lyophilizer drying tray inside a clean food laboratory. professional product photography, freeze-drying (lyophilization) theme, soft diffused natural light, clean pale frost-white and icy-teal background, shallow depth of field, crisp high detail, minimalist, no text, no watermark, no logo"
lyophiliser-yaourt-rehydratation.webp,800x600 (ar 4:3),"Freeze-dried yogurt rehydrating in clear water, regaining shape, water droplets, dynamic close-up. professional product photography, freeze-drying (lyophilization) theme, soft diffused natural light, clean pale frost-white and icy-teal background, shallow depth of field, crisp high detail, minimalist, no text, no watermark, no logo"
lyophiliser-levain-avant-apres.webp,1200x630 (ar 1.91:1),"Split side-by-side composition: on the left the fresh raw sourdough starter, on the right the freeze-dried sourdough starter with its dry, airy, porous texture; clear before/after comparison. professional product photography, freeze-drying (lyophilization) theme, soft diffused natural light, clean pale frost-white and icy-teal background, shallow depth of field, crisp high detail, minimalist, no text, no watermark, no logo"
lyophiliser-levain-macro.webp,800x600 (ar 4:3),"Extreme macro close-up of freeze-dried sourdough starter, revealing the porous sublimated dry structure and preserved natural colour. professional product photography, freeze-drying (lyophilization) theme, soft diffused natural light, clean pale frost-white and icy-teal background, shallow depth of field, crisp high detail, minimalist, no text, no watermark, no logo"
lyophiliser-levain-plateau.webp,800x600 (ar 4:3),"Freeze-dried sourdough starter neatly spread on a stainless-steel lyophilizer drying tray inside a clean food laboratory. professional product photography, freeze-drying (lyophilization) theme, soft diffused natural light, clean pale frost-white and icy-teal background, shallow depth of field, crisp high detail, minimalist, no text, no watermark, no logo"
lyophiliser-levain-rehydratation.webp,800x600 (ar 4:3),"Freeze-dried sourdough starter rehydrating in clear water, regaining shape, water droplets, dynamic close-up. professional product photography, freeze-drying (lyophilization) theme, soft diffused natural light, clean pale frost-white and icy-teal background, shallow depth of field, crisp high detail, minimalist, no text, no watermark, no logo"
lyophiliser-kombucha-avant-apres.webp,1200x630 (ar 1.91:1),"Split side-by-side composition: on the left the fresh raw kombucha scoby, on the right the freeze-dried kombucha scoby with its dry, airy, porous texture; clear before/after comparison. professional product photography, freeze-drying (lyophilization) theme, soft diffused natural light, clean pale frost-white and icy-teal background, shallow depth of field, crisp high detail, minimalist, no text, no watermark, no logo"
lyophiliser-kombucha-macro.webp,800x600 (ar 4:3),"Extreme macro close-up of freeze-dried kombucha scoby, revealing the porous sublimated dry structure and preserved natural colour. professional product photography, freeze-drying (lyophilization) theme, soft diffused natural light, clean pale frost-white and icy-teal background, shallow depth of field, crisp high detail, minimalist, no text, no watermark, no logo"
lyophiliser-kombucha-plateau.webp,800x600 (ar 4:3),"Freeze-dried kombucha scoby neatly spread on a stainless-steel lyophilizer drying tray inside a clean food laboratory. professional product photography, freeze-drying (lyophilization) theme, soft diffused natural light, clean pale frost-white and icy-teal background, shallow depth of field, crisp high detail, minimalist, no text, no watermark, no logo"
lyophiliser-kombucha-rehydratation.webp,800x600 (ar 4:3),"Freeze-dried kombucha scoby rehydrating in clear water, regaining shape, water droplets, dynamic close-up. professional product photography, freeze-drying (lyophilization) theme, soft diffused natural light, clean pale frost-white and icy-teal background, shallow depth of field, crisp high detail, minimalist, no text, no watermark, no logo"
lyophiliser-chanvre-avant-apres.webp,1200x630 (ar 1.91:1),"Split side-by-side composition: on the left the fresh raw hemp leaf, on the right the freeze-dried hemp leaf with its dry, airy, porous texture; clear before/after comparison. professional product photography, freeze-drying (lyophilization) theme, soft diffused natural light, clean pale frost-white and icy-teal background, shallow depth of field, crisp high detail, minimalist, no text, no watermark, no logo"
lyophiliser-chanvre-macro.webp,800x600 (ar 4:3),"Extreme macro close-up of freeze-dried hemp leaf, revealing the porous sublimated dry structure and preserved natural colour. professional product photography, freeze-drying (lyophilization) theme, soft diffused natural light, clean pale frost-white and icy-teal background, shallow depth of field, crisp high detail, minimalist, no text, no watermark, no logo"
lyophiliser-chanvre-plateau.webp,800x600 (ar 4:3),"Freeze-dried hemp leaf neatly spread on a stainless-steel lyophilizer drying tray inside a clean food laboratory. professional product photography, freeze-drying (lyophilization) theme, soft diffused natural light, clean pale frost-white and icy-teal background, shallow depth of field, crisp high detail, minimalist, no text, no watermark, no logo"
lyophiliser-chanvre-rehydratation.webp,800x600 (ar 4:3),"Freeze-dried hemp leaf rehydrating in clear water, regaining shape, water droplets, dynamic close-up. professional product photography, freeze-drying (lyophilization) theme, soft diffused natural light, clean pale frost-white and icy-teal background, shallow depth of field, crisp high detail, minimalist, no text, no watermark, no logo"
lyophiliser-basilic-avant-apres.webp,1200x630 (ar 1.91:1),"Split side-by-side composition: on the left the fresh raw basil, on the right the freeze-dried basil with its dry, airy, porous texture; clear before/after comparison. professional product photography, freeze-drying (lyophilization) theme, soft diffused natural light, clean pale frost-white and icy-teal background, shallow depth of field, crisp high detail, minimalist, no text, no watermark, no logo"
lyophiliser-basilic-macro.webp,800x600 (ar 4:3),"Extreme macro close-up of freeze-dried basil, revealing the porous sublimated dry structure and preserved natural colour. professional product photography, freeze-drying (lyophilization) theme, soft diffused natural light, clean pale frost-white and icy-teal background, shallow depth of field, crisp high detail, minimalist, no text, no watermark, no logo"
lyophiliser-basilic-plateau.webp,800x600 (ar 4:3),"Freeze-dried basil neatly spread on a stainless-steel lyophilizer drying tray inside a clean food laboratory. professional product photography, freeze-drying (lyophilization) theme, soft diffused natural light, clean pale frost-white and icy-teal background, shallow depth of field, crisp high detail, minimalist, no text, no watermark, no logo"
lyophiliser-basilic-rehydratation.webp,800x600 (ar 4:3),"Freeze-dried basil rehydrating in clear water, regaining shape, water droplets, dynamic close-up. professional product photography, freeze-drying (lyophilization) theme, soft diffused natural light, clean pale frost-white and icy-teal background, shallow depth of field, crisp high detail, minimalist, no text, no watermark, no logo"
lyophiliser-menthe-avant-apres.webp,1200x630 (ar 1.91:1),"Split side-by-side composition: on the left the fresh raw mint, on the right the freeze-dried mint with its dry, airy, porous texture; clear before/after comparison. professional product photography, freeze-drying (lyophilization) theme, soft diffused natural light, clean pale frost-white and icy-teal background, shallow depth of field, crisp high detail, minimalist, no text, no watermark, no logo"
lyophiliser-menthe-macro.webp,800x600 (ar 4:3),"Extreme macro close-up of freeze-dried mint, revealing the porous sublimated dry structure and preserved natural colour. professional product photography, freeze-drying (lyophilization) theme, soft diffused natural light, clean pale frost-white and icy-teal background, shallow depth of field, crisp high detail, minimalist, no text, no watermark, no logo"
lyophiliser-menthe-plateau.webp,800x600 (ar 4:3),"Freeze-dried mint neatly spread on a stainless-steel lyophilizer drying tray inside a clean food laboratory. professional product photography, freeze-drying (lyophilization) theme, soft diffused natural light, clean pale frost-white and icy-teal background, shallow depth of field, crisp high detail, minimalist, no text, no watermark, no logo"
lyophiliser-menthe-rehydratation.webp,800x600 (ar 4:3),"Freeze-dried mint rehydrating in clear water, regaining shape, water droplets, dynamic close-up. professional product photography, freeze-drying (lyophilization) theme, soft diffused natural light, clean pale frost-white and icy-teal background, shallow depth of field, crisp high detail, minimalist, no text, no watermark, no logo"
lyophiliser-pissenlit-avant-apres.webp,1200x630 (ar 1.91:1),"Split side-by-side composition: on the left the fresh raw dandelion, on the right the freeze-dried dandelion with its dry, airy, porous texture; clear before/after comparison. professional product photography, freeze-drying (lyophilization) theme, soft diffused natural light, clean pale frost-white and icy-teal background, shallow depth of field, crisp high detail, minimalist, no text, no watermark, no logo"
lyophiliser-pissenlit-macro.webp,800x600 (ar 4:3),"Extreme macro close-up of freeze-dried dandelion, revealing the porous sublimated dry structure and preserved natural colour. professional product photography, freeze-drying (lyophilization) theme, soft diffused natural light, clean pale frost-white and icy-teal background, shallow depth of field, crisp high detail, minimalist, no text, no watermark, no logo"
lyophiliser-pissenlit-plateau.webp,800x600 (ar 4:3),"Freeze-dried dandelion neatly spread on a stainless-steel lyophilizer drying tray inside a clean food laboratory. professional product photography, freeze-drying (lyophilization) theme, soft diffused natural light, clean pale frost-white and icy-teal background, shallow depth of field, crisp high detail, minimalist, no text, no watermark, no logo"
lyophiliser-pissenlit-rehydratation.webp,800x600 (ar 4:3),"Freeze-dried dandelion rehydrating in clear water, regaining shape, water droplets, dynamic close-up. professional product photography, freeze-drying (lyophilization) theme, soft diffused natural light, clean pale frost-white and icy-teal background, shallow depth of field, crisp high detail, minimalist, no text, no watermark, no logo"
lyophiliser-gingembre-avant-apres.webp,1200x630 (ar 1.91:1),"Split side-by-side composition: on the left the fresh raw ginger, on the right the freeze-dried ginger with its dry, airy, porous texture; clear before/after comparison. professional product photography, freeze-drying (lyophilization) theme, soft diffused natural light, clean pale frost-white and icy-teal background, shallow depth of field, crisp high detail, minimalist, no text, no watermark, no logo"
lyophiliser-gingembre-macro.webp,800x600 (ar 4:3),"Extreme macro close-up of freeze-dried ginger, revealing the porous sublimated dry structure and preserved natural colour. professional product photography, freeze-drying (lyophilization) theme, soft diffused natural light, clean pale frost-white and icy-teal background, shallow depth of field, crisp high detail, minimalist, no text, no watermark, no logo"
lyophiliser-gingembre-plateau.webp,800x600 (ar 4:3),"Freeze-dried ginger neatly spread on a stainless-steel lyophilizer drying tray inside a clean food laboratory. professional product photography, freeze-drying (lyophilization) theme, soft diffused natural light, clean pale frost-white and icy-teal background, shallow depth of field, crisp high detail, minimalist, no text, no watermark, no logo"
lyophiliser-gingembre-rehydratation.webp,800x600 (ar 4:3),"Freeze-dried ginger rehydrating in clear water, regaining shape, water droplets, dynamic close-up. professional product photography, freeze-drying (lyophilization) theme, soft diffused natural light, clean pale frost-white and icy-teal background, shallow depth of field, crisp high detail, minimalist, no text, no watermark, no logo"
lyophiliser-curcuma-avant-apres.webp,1200x630 (ar 1.91:1),"Split side-by-side composition: on the left the fresh raw turmeric, on the right the freeze-dried turmeric with its dry, airy, porous texture; clear before/after comparison. professional product photography, freeze-drying (lyophilization) theme, soft diffused natural light, clean pale frost-white and icy-teal background, shallow depth of field, crisp high detail, minimalist, no text, no watermark, no logo"
lyophiliser-curcuma-macro.webp,800x600 (ar 4:3),"Extreme macro close-up of freeze-dried turmeric, revealing the porous sublimated dry structure and preserved natural colour. professional product photography, freeze-drying (lyophilization) theme, soft diffused natural light, clean pale frost-white and icy-teal background, shallow depth of field, crisp high detail, minimalist, no text, no watermark, no logo"
lyophiliser-curcuma-plateau.webp,800x600 (ar 4:3),"Freeze-dried turmeric neatly spread on a stainless-steel lyophilizer drying tray inside a clean food laboratory. professional product photography, freeze-drying (lyophilization) theme, soft diffused natural light, clean pale frost-white and icy-teal background, shallow depth of field, crisp high detail, minimalist, no text, no watermark, no logo"
lyophiliser-curcuma-rehydratation.webp,800x600 (ar 4:3),"Freeze-dried turmeric rehydrating in clear water, regaining shape, water droplets, dynamic close-up. professional product photography, freeze-drying (lyophilization) theme, soft diffused natural light, clean pale frost-white and icy-teal background, shallow depth of field, crisp high detail, minimalist, no text, no watermark, no logo"
lyophiliser-cafe-avant-apres.webp,1200x630 (ar 1.91:1),"Split side-by-side composition: on the left the fresh raw coffee, on the right the freeze-dried coffee with its dry, airy, porous texture; clear before/after comparison. professional product photography, freeze-drying (lyophilization) theme, soft diffused natural light, clean pale frost-white and icy-teal background, shallow depth of field, crisp high detail, minimalist, no text, no watermark, no logo"
lyophiliser-cafe-macro.webp,800x600 (ar 4:3),"Extreme macro close-up of freeze-dried coffee, revealing the porous sublimated dry structure and preserved natural colour. professional product photography, freeze-drying (lyophilization) theme, soft diffused natural light, clean pale frost-white and icy-teal background, shallow depth of field, crisp high detail, minimalist, no text, no watermark, no logo"
lyophiliser-cafe-plateau.webp,800x600 (ar 4:3),"Freeze-dried coffee neatly spread on a stainless-steel lyophilizer drying tray inside a clean food laboratory. professional product photography, freeze-drying (lyophilization) theme, soft diffused natural light, clean pale frost-white and icy-teal background, shallow depth of field, crisp high detail, minimalist, no text, no watermark, no logo"
lyophiliser-cafe-rehydratation.webp,800x600 (ar 4:3),"Freeze-dried coffee rehydrating in clear water, regaining shape, water droplets, dynamic close-up. professional product photography, freeze-drying (lyophilization) theme, soft diffused natural light, clean pale frost-white and icy-teal background, shallow depth of field, crisp high detail, minimalist, no text, no watermark, no logo"
lyophiliser-the-avant-apres.webp,1200x630 (ar 1.91:1),"Split side-by-side composition: on the left the fresh raw tea leaves, on the right the freeze-dried tea leaves with its dry, airy, porous texture; clear before/after comparison. professional product photography, freeze-drying (lyophilization) theme, soft diffused natural light, clean pale frost-white and icy-teal background, shallow depth of field, crisp high detail, minimalist, no text, no watermark, no logo"
lyophiliser-the-macro.webp,800x600 (ar 4:3),"Extreme macro close-up of freeze-dried tea leaves, revealing the porous sublimated dry structure and preserved natural colour. professional product photography, freeze-drying (lyophilization) theme, soft diffused natural light, clean pale frost-white and icy-teal background, shallow depth of field, crisp high detail, minimalist, no text, no watermark, no logo"
lyophiliser-the-plateau.webp,800x600 (ar 4:3),"Freeze-dried tea leaves neatly spread on a stainless-steel lyophilizer drying tray inside a clean food laboratory. professional product photography, freeze-drying (lyophilization) theme, soft diffused natural light, clean pale frost-white and icy-teal background, shallow depth of field, crisp high detail, minimalist, no text, no watermark, no logo"
lyophiliser-the-rehydratation.webp,800x600 (ar 4:3),"Freeze-dried tea leaves rehydrating in clear water, regaining shape, water droplets, dynamic close-up. professional product photography, freeze-drying (lyophilization) theme, soft diffused natural light, clean pale frost-white and icy-teal background, shallow depth of field, crisp high detail, minimalist, no text, no watermark, no logo"
lyophiliser-matcha-the-avant-apres.webp,1200x630 (ar 1.91:1),"Split side-by-side composition: on the left the fresh raw matcha, on the right the freeze-dried matcha with its dry, airy, porous texture; clear before/after comparison. professional product photography, freeze-drying (lyophilization) theme, soft diffused natural light, clean pale frost-white and icy-teal background, shallow depth of field, crisp high detail, minimalist, no text, no watermark, no logo"
lyophiliser-matcha-the-macro.webp,800x600 (ar 4:3),"Extreme macro close-up of freeze-dried matcha, revealing the porous sublimated dry structure and preserved natural colour. professional product photography, freeze-drying (lyophilization) theme, soft diffused natural light, clean pale frost-white and icy-teal background, shallow depth of field, crisp high detail, minimalist, no text, no watermark, no logo"
lyophiliser-matcha-the-plateau.webp,800x600 (ar 4:3),"Freeze-dried matcha neatly spread on a stainless-steel lyophilizer drying tray inside a clean food laboratory. professional product photography, freeze-drying (lyophilization) theme, soft diffused natural light, clean pale frost-white and icy-teal background, shallow depth of field, crisp high detail, minimalist, no text, no watermark, no logo"
lyophiliser-matcha-the-rehydratation.webp,800x600 (ar 4:3),"Freeze-dried matcha rehydrating in clear water, regaining shape, water droplets, dynamic close-up. professional product photography, freeze-drying (lyophilization) theme, soft diffused natural light, clean pale frost-white and icy-teal background, shallow depth of field, crisp high detail, minimalist, no text, no watermark, no logo"
lyophiliser-miel-avant-apres.webp,1200x630 (ar 1.91:1),"Split side-by-side composition: on the left the fresh raw honey, on the right the freeze-dried honey with its dry, airy, porous texture; clear before/after comparison. professional product photography, freeze-drying (lyophilization) theme, soft diffused natural light, clean pale frost-white and icy-teal background, shallow depth of field, crisp high detail, minimalist, no text, no watermark, no logo"
lyophiliser-miel-macro.webp,800x600 (ar 4:3),"Extreme macro close-up of freeze-dried honey, revealing the porous sublimated dry structure and preserved natural colour. professional product photography, freeze-drying (lyophilization) theme, soft diffused natural light, clean pale frost-white and icy-teal background, shallow depth of field, crisp high detail, minimalist, no text, no watermark, no logo"
lyophiliser-miel-plateau.webp,800x600 (ar 4:3),"Freeze-dried honey neatly spread on a stainless-steel lyophilizer drying tray inside a clean food laboratory. professional product photography, freeze-drying (lyophilization) theme, soft diffused natural light, clean pale frost-white and icy-teal background, shallow depth of field, crisp high detail, minimalist, no text, no watermark, no logo"
lyophiliser-miel-rehydratation.webp,800x600 (ar 4:3),"Freeze-dried honey powder dissolving in warm water, spoon, close-up. professional product photography, freeze-drying (lyophilization) theme, soft diffused natural light, clean pale frost-white and icy-teal background, shallow depth of field, crisp high detail, minimalist, no text, no watermark, no logo"
lyophiliser-bouquet-mariee-avant-apres.webp,1200x630 (ar 1.91:1),"Split composition: fresh wedding bouquet on the left, a freeze-dried preserved wedding bouquet on the right keeping colour and shape. professional product photography, freeze-drying (lyophilization) theme, soft diffused natural light, clean pale frost-white and icy-teal background, shallow depth of field, crisp high detail, minimalist, no text, no watermark, no logo"
lyophiliser-bouquet-mariee-macro.webp,800x600 (ar 4:3),"Macro close-up of a freeze-dried rose petal from a wedding bouquet, delicate preserved colour and veins. professional product photography, freeze-drying (lyophilization) theme, soft diffused natural light, clean pale frost-white and icy-teal background, shallow depth of field, crisp high detail, minimalist, no text, no watermark, no logo"
lyophiliser-bouquet-mariee-plateau.webp,800x600 (ar 4:3),"A wedding bouquet arranged on a stainless-steel freeze-dryer tray, petals separated for drying. professional product photography, freeze-drying (lyophilization) theme, soft diffused natural light, clean pale frost-white and icy-teal background, shallow depth of field, crisp high detail, minimalist, no text, no watermark, no logo"
lyophiliser-bouquet-mariee-rehydratation.webp,800x600 (ar 4:3),"A preserved freeze-dried wedding bouquet displayed under a clear glass dome, elegant keepsake. professional product photography, freeze-drying (lyophilization) theme, soft diffused natural light, clean pale frost-white and icy-teal background, shallow depth of field, crisp high detail, minimalist, no text, no watermark, no logo"
lyophiliser-fleur-avant-apres.webp,1200x630 (ar 1.91:1),"Split composition: fresh cut flowers on the left, freeze-dried preserved flowers on the right with intact colour. professional product photography, freeze-drying (lyophilization) theme, soft diffused natural light, clean pale frost-white and icy-teal background, shallow depth of field, crisp high detail, minimalist, no text, no watermark, no logo"
lyophiliser-fleur-macro.webp,800x600 (ar 4:3),"Macro of a freeze-dried flower petal, preserved vivid colour and structure. professional product photography, freeze-drying (lyophilization) theme, soft diffused natural light, clean pale frost-white and icy-teal background, shallow depth of field, crisp high detail, minimalist, no text, no watermark, no logo"
lyophiliser-fleur-plateau.webp,800x600 (ar 4:3),"Freeze-dried flowers arranged on a stainless-steel drying tray. professional product photography, freeze-drying (lyophilization) theme, soft diffused natural light, clean pale frost-white and icy-teal background, shallow depth of field, crisp high detail, minimalist, no text, no watermark, no logo"
lyophiliser-fleur-rehydratation.webp,800x600 (ar 4:3),"Preserved freeze-dried flowers in a decorative frame, keepsake. professional product photography, freeze-drying (lyophilization) theme, soft diffused natural light, clean pale frost-white and icy-teal background, shallow depth of field, crisp high detail, minimalist, no text, no watermark, no logo"
lyophiliser-document-sinistre-avant-apres.webp,1200x630 (ar 1.91:1),"Split composition: a water-damaged wet swollen book on the left, the same book restored and dry after freeze-drying on the right. professional product photography, freeze-drying (lyophilization) theme, soft diffused natural light, clean pale frost-white and icy-teal background, shallow depth of field, crisp high detail, minimalist, no text, no watermark, no logo"
lyophiliser-document-sinistre-macro.webp,800x600 (ar 4:3),"Macro of restored dry book pages after freeze-drying, flat and clean paper. professional product photography, freeze-drying (lyophilization) theme, soft diffused natural light, clean pale frost-white and icy-teal background, shallow depth of field, crisp high detail, minimalist, no text, no watermark, no logo"
lyophiliser-document-sinistre-plateau.webp,800x600 (ar 4:3),"Water-damaged books and archival documents placed on freeze-dryer shelves for restoration. professional product photography, freeze-drying (lyophilization) theme, soft diffused natural light, clean pale frost-white and icy-teal background, shallow depth of field, crisp high detail, minimalist, no text, no watermark, no logo"
lyophiliser-document-sinistre-rehydratation.webp,800x600 (ar 4:3),"Restored archival documents and books after freeze-drying, conservation studio. professional product photography, freeze-drying (lyophilization) theme, soft diffused natural light, clean pale frost-white and icy-teal background, shallow depth of field, crisp high detail, minimalist, no text, no watermark, no logo"
lyophiliser-placenta-avant-apres.webp,1200x630 (ar 1.91:1),"Discreet clinical composition: freeze-dried fine powder on the left, filled supplement capsules on the right, clean neutral clinical surface. professional product photography, freeze-drying (lyophilization) theme, soft diffused natural light, clean pale frost-white and icy-teal background, shallow depth of field, crisp high detail, minimalist, no text, no watermark, no logo"
lyophiliser-placenta-macro.webp,800x600 (ar 4:3),"Macro of freeze-dried fine beige supplement powder, clinical, discreet. professional product photography, freeze-drying (lyophilization) theme, soft diffused natural light, clean pale frost-white and icy-teal background, shallow depth of field, crisp high detail, minimalist, no text, no watermark, no logo"
lyophiliser-placenta-plateau.webp,800x600 (ar 4:3),"Neutral clinical tray with freeze-dried powder and empty capsules, hygienic setting. professional product photography, freeze-drying (lyophilization) theme, soft diffused natural light, clean pale frost-white and icy-teal background, shallow depth of field, crisp high detail, minimalist, no text, no watermark, no logo"
lyophiliser-placenta-rehydratation.webp,800x600 (ar 4:3),"Filled dietary supplement capsules and fine powder on a clean clinical surface, discreet. professional product photography, freeze-drying (lyophilization) theme, soft diffused natural light, clean pale frost-white and icy-teal background, shallow depth of field, crisp high detail, minimalist, no text, no watermark, no logo"
lyophiliser-echantillon-labo-avant-apres.webp,1200x630 (ar 1.91:1),"Split composition: a liquid biological sample vial on the left, a freeze-dried pellet in a cryovial on the right. professional product photography, freeze-drying (lyophilization) theme, soft diffused natural light, clean pale frost-white and icy-teal background, shallow depth of field, crisp high detail, minimalist, no text, no watermark, no logo"
lyophiliser-echantillon-labo-macro.webp,800x600 (ar 4:3),"Macro of a freeze-dried cake/pellet inside a glass laboratory vial, sublimated dry structure. professional product photography, freeze-drying (lyophilization) theme, soft diffused natural light, clean pale frost-white and icy-teal background, shallow depth of field, crisp high detail, minimalist, no text, no watermark, no logo"
lyophiliser-echantillon-labo-plateau.webp,800x600 (ar 4:3),"Rows of laboratory vials with freeze-dried samples on a lyophilizer shelf. professional product photography, freeze-drying (lyophilization) theme, soft diffused natural light, clean pale frost-white and icy-teal background, shallow depth of field, crisp high detail, minimalist, no text, no watermark, no logo"
lyophiliser-echantillon-labo-rehydratation.webp,800x600 (ar 4:3),"A laboratory vial with freeze-dried sample being reconstituted with a pipette. professional product photography, freeze-drying (lyophilization) theme, soft diffused natural light, clean pale frost-white and icy-teal background, shallow depth of field, crisp high detail, minimalist, no text, no watermark, no logo"
img/atelier/atelier-1.webp,600x450 (4:3),"Interior of an industrial freeze-drying vacuum chamber with stainless-steel shelves and frost, clean modern food laboratory. professional product photography, freeze-drying (lyophilization) theme, soft diffused natural light, clean pale frost-white and icy-teal background, shallow depth of field, crisp high detail, minimalist, no text, no watermark, no logo"
img/atelier/atelier-2.webp,600x450 (4:3),"A technician in a white coat and gloves loading trays of product into a large lyophilizer, clean food lab. professional product photography, freeze-drying (lyophilization) theme, soft diffused natural light, clean pale frost-white and icy-teal background, shallow depth of field, crisp high detail, minimalist, no text, no watermark, no logo"
img/atelier/atelier-3.webp,600x450 (4:3),"A gloved hand holding a piece of freeze-dried product, porous dry texture, close-up in a lab. professional product photography, freeze-drying (lyophilization) theme, soft diffused natural light, clean pale frost-white and icy-teal background, shallow depth of field, crisp high detail, minimalist, no text, no watermark, no logo"
img/atelier/atelier-4.webp,600x450 (4:3),"A technician measuring water activity (aw) with a benchtop meter in a food laboratory. professional product photography, freeze-drying (lyophilization) theme, soft diffused natural light, clean pale frost-white and icy-teal background, shallow depth of field, crisp high detail, minimalist, no text, no watermark, no logo"
img/atelier/atelier-5.webp,600x450 (4:3),"Barrier packaging line: freeze-dried product sealed in sachets with nitrogen flushing, clean production. professional product photography, freeze-drying (lyophilization) theme, soft diffused natural light, clean pale frost-white and icy-teal background, shallow depth of field, crisp high detail, minimalist, no text, no watermark, no logo"
img/atelier/atelier-6.webp,600x450 (4:3),"Wide shot of a modern 850 square-meter freeze-drying laboratory and workshop with stainless-steel equipment. professional product photography, freeze-drying (lyophilization) theme, soft diffused natural light, clean pale frost-white and icy-teal background, shallow depth of field, crisp high detail, minimalist, no text, no watermark, no logo"
og-cover.webp,1200x630,"Wide social-share banner for a premium freeze-drying company, icy frosted aesthetic, teal and white palette, subtle snowflake crystal motif, clean, leaving empty space for a headline. professional product photography, freeze-drying (lyophilization) theme, soft diffused natural light, clean pale frost-white and icy-teal background, shallow depth of field, crisp high detail, minimalist, no text, no watermark, no logo"
